<?xml version="1.0" encoding="utf-8"?>
<modification>
    <name>Feedback</name>
	<code>feedback</code>
    <version>1.0</version>
    <author>Ivan Shevchuk</author>
    <link></link>
    
	<file path="catalog/view/theme/*/template/common/footer.twig">
		<operation error="log">
			<search><![CDATA[
                </body></html>
            ]]></search>
			<add position="before"><![CDATA[
                <script>
                    const feedback = {
                        send: (e) => {

                        const button = $(e.currentTarget);
                        const container = $(e.currentTarget).parents('.container-feedback');

                        $.ajax({
                            url: 'index.php?route=extension/module/feedback/send',
                            type: 'post',
                            data: button.parent().find('input'),
                            beforeSend: function() {
                            button.button('loading');
                            },
                            complete: function() {
                            button.button('reset');
                            },
                            success: function(json) {
                            container.find('.alert-dismissible, .text-danger').remove();

                            if (json['error']) {
                                for (key in json['error']) {
                                const element = container.find(`[name="${key}"]`);

                                if (element.parent().hasClass('input-group')) {
                                    element.parent().after('<div class="text-danger">' + json['error'][key] + '</div>');
                                } else {
                                    element.after('<div class="text-danger">' + json['error'][key] + '</div>');
                                }
                                }
                            }

                            if (json['success']) {
                                alert(json['success']);
                                container.find('input').val('');
                            }
                            },
                            error: function(xhr, ajaxOptions, thrownError) {
                            alert(thrownError + "\r\n" + xhr.statusText + "\r\n" + xhr.responseText);
                            }
                        });
                        }
                    }
                    </script>
			]]></add>
		</operation>
	</file>
</modification>